Id,IndicatorCode,SpatialDimType,SpatialDim,TimeDimType,ParentLocationCode,ParentLocation,Dim1Type,Dim1,TimeDim,Dim2Type,Dim2,Dim3Type,Dim3,DataSourceDimType,DataSourceDim,Value,NumericValue,Low,High,Comments,Date,TimeDimensionValue,TimeDimensionBegin,TimeDimensionEnd
473851,TB_1,GLOBAL,GLOBAL,YEAR,,,,,2023,,,,,,,76 [71-82],76.0,71.0,82.0,,2025-11-11T16:20:50.77+01:00,2023,2023-01-01T00:00:00+01:00,2023-12-31T00:00:00+01:00
604633,TB_1,GLOBAL,GLOBAL,YEAR,,,,,2015,,,,,,,55 [50-61],55.0,50.0,61.0,,2025-11-11T16:20:50.77+01:00,2015,2015-01-01T00:00:00+01:00,2015-12-31T00:00:00+01:00
694222,TB_1,GLOBAL,GLOBAL,YEAR,,,,,2022,,,,,,,70 [65-75],70.0,65.0,75.0,,2025-11-11T16:20:50.77+01:00,2022,2022-01-01T00:00:00+01:00,2022-12-31T00:00:00+01:00
1170547,TB_1,GLOBAL,GLOBAL,YEAR,,,,,2016,,,,,,,58 [54-63],58.0,54.0,63.0,,2025-11-11T16:20:50.77+01:00,2016,2016-01-01T00:00:00+01:00,2016-12-31T00:00:00+01:00
1443175,TB_1,GLOBAL,GLOBAL,YEAR,,,,,2004,,,,,,,40 [31-52],40.0,31.0,52.0,,2025-11-11T16:20:50.77+01:00,2004,2004-01-01T00:00:00+01:00,2004-12-31T00:00:00+01:00
2455401,TB_1,GLOBAL,GLOBAL,YEAR,,,,,2003,,,,,,,37 [29-49],37.0,29.0,49.0,,2025-11-11T16:20:50.77+01:00,2003,2003-01-01T00:00:00+01:00,2003-12-31T00:00:00+01:00
2641134,TB_1,GLOBAL,GLOBAL,YEAR,,,,,2009,,,,,,,49 [40-62],49.0,40.0,62.0,,2025-11-11T16:20:50.77+01:00,2009,2009-01-01T00:00:00+01:00,2009-12-31T00:00:00+01:00
4793172,TB_1,GLOBAL,GLOBAL,YEAR,,,,,2005,,,,,,,42 [33-55],42.0,33.0,55.0,,2025-11-11T16:20:50.77+01:00,2005,2005-01-01T00:00:00+01:00,2005-12-31T00:00:00+01:00
4802008,TB_1,GLOBAL,GLOBAL,YEAR,,,,,2000,,,,,,,32 [25-42],32.0,25.0,42.0,,2025-11-11T16:20:50.77+01:00,2000,2000-01-01T00:00:00+01:00,2000-12-31T00:00:00+01:00
4838152,TB_1,GLOBAL,GLOBAL,YEAR,,,,,2012,,,,,,,50 [43-59],50.0,43.0,59.0,,2025-11-11T16:20:50.77+01:00,2012,2012-01-01T00:00:00+01:00,2012-12-31T00:00:00+01:00
5320303,TB_1,GLOBAL,GLOBAL,YEAR,,,,,2019,,,,,,,68 [64-73],68.0,64.0,73.0,,2025-11-11T16:20:50.77+01:00,2019,2019-01-01T00:00:00+01:00,2019-12-31T00:00:00+01:00
5770547,TB_1,GLOBAL,GLOBAL,YEAR,,,,,2024,,,,,,,78 [73-84],78.0,73.0,84.0,,2025-11-11T16:20:50.77+01:00,2024,2024-01-01T00:00:00+01:00,2024-12-31T00:00:00+01:00
6141000,TB_1,GLOBAL,GLOBAL,YEAR,,,,,2001,,,,,,,33 [26-43],33.0,26.0,43.0,,2025-11-11T16:20:50.77+01:00,2001,2001-01-01T00:00:00+01:00,2001-12-31T00:00:00+01:00
6298758,TB_1,GLOBAL,GLOBAL,YEAR,,,,,2021,,,,,,,62 [57-66],62.0,57.0,66.0,,2025-11-11T16:20:50.77+01:00,2021,2021-01-01T00:00:00+01:00,2021-12-31T00:00:00+01:00
6590192,TB_1,GLOBAL,GLOBAL,YEAR,,,,,2013,,,,,,,50 [43-59],50.0,43.0,59.0,,2025-11-11T16:20:50.77+01:00,2013,2013-01-01T00:00:00+01:00,2013-12-31T00:00:00+01:00
7367020,TB_1,GLOBAL,GLOBAL,YEAR,,,,,2017,,,,,,,59 [56-63],59.0,56.0,63.0,,2025-11-11T16:20:50.77+01:00,2017,2017-01-01T00:00:00+01:00,2017-12-31T00:00:00+01:00
7974317,TB_1,GLOBAL,GLOBAL,YEAR,,,,,2011,,,,,,,50 [42-60],50.0,42.0,60.0,,2025-11-11T16:20:50.77+01:00,2011,2011-01-01T00:00:00+01:00,2011-12-31T00:00:00+01:00
8292680,TB_1,GLOBAL,GLOBAL,YEAR,,,,,2014,,,,,,,54 [48-60],54.0,48.0,60.0,,2025-11-11T16:20:50.77+01:00,2014,2014-01-01T00:00:00+01:00,2014-12-31T00:00:00+01:00
8650216,TB_1,GLOBAL,GLOBAL,YEAR,,,,,2007,,,,,,,46 [37-60],46.0,37.0,60.0,,2025-11-11T16:20:50.77+01:00,2007,2007-01-01T00:00:00+01:00,2007-12-31T00:00:00+01:00
8677528,TB_1,GLOBAL,GLOBAL,YEAR,,,,,2008,,,,,,,48 [38-61],48.0,38.0,61.0,,2025-11-11T16:20:50.77+01:00,2008,2008-01-01T00:00:00+01:00,2008-12-31T00:00:00+01:00
8807300,TB_1,GLOBAL,GLOBAL,YEAR,,,,,2006,,,,,,,45 [35-58],45.0,35.0,58.0,,2025-11-11T16:20:50.77+01:00,2006,2006-01-01T00:00:00+01:00,2006-12-31T00:00:00+01:00
8808622,TB_1,GLOBAL,GLOBAL,YEAR,,,,,2018,,,,,,,65 [61-69],65.0,61.0,69.0,,2025-11-11T16:20:50.77+01:00,2018,2018-01-01T00:00:00+01:00,2018-12-31T00:00:00+01:00
9232494,TB_1,GLOBAL,GLOBAL,YEAR,,,,,2002,,,,,,,34 [27-45],34.0,27.0,45.0,,2025-11-11T16:20:50.77+01:00,2002,2002-01-01T00:00:00+01:00,2002-12-31T00:00:00+01:00
9513153,TB_1,GLOBAL,GLOBAL,YEAR,,,,,2010,,,,,,,49 [40-62],49.0,40.0,62.0,,2025-11-11T16:20:50.77+01:00,2010,2010-01-01T00:00:00+01:00,2010-12-31T00:00:00+01:00
9676983,TB_1,GLOBAL,GLOBAL,YEAR,,,,,2020,,,,,,,57 [53-61],57.0,53.0,61.0,,2025-11-11T16:20:50.77+01:00,2020,2020-01-01T00:00:00+01:00,2020-12-31T00:00:00+01:00
