state,year,notifications,detection_prob,incidence_est,missed_cases,system_z,risk_z,system_score,risk_score,gap_category
Bihar,2023,177333.129634338,0.5722382733133488,309893.86398003675,132560.73434569876,-2.0329688527592333,1.9427598179469165,0.5328999999999999,2.510548119170243,High gap (<75%)
Uttar Pradesh,2023,582837.11961446,0.849195340790402,686340.4585710223,103503.33895656222,-1.1176501324322003,0.7157040098416168,0.62415,0.9248746752901839,Moderate gap (75-85%)
Madhya Pradesh,2023,166577.67040148852,0.75545021995006,220501.18724235773,53923.51684086921,-1.620197725729563,1.0119361214183575,0.57405,1.3076831746664754,Moderate gap (75-85%)
Assam,2023,48545.28271195451,0.7802909375166179,62214.33618908413,13669.053477129622,-1.4035304998768086,1.123001893354627,0.5956499999999999,1.451208875714515,Moderate gap (75-85%)
Jharkhand,2023,54821.404111963755,0.811775883457349,67532.68387141498,12711.279759451223,-0.6838141362224025,2.0300347173108686,0.6673999999999999,2.6233298600858506,Moderate gap (75-85%)
Rajasthan,2023,158846.68210290308,0.9284360138810989,171090.60799880384,12243.925895900757,-0.21386693570381055,0.6733025375249331,0.7142499999999999,0.870081007235429,Low gap (>85%)
Maharashtra,2023,207020.21649061574,0.9600975479117091,215624.14875540687,8603.932264791132,0.13270031675974056,0.06174837371083703,0.7488,0.07979486813011569,Low gap (>85%)
Delhi,2023,85733.8835925943,0.9089716730210977,94319.6428857298,8585.759293135503,-1.5459691390948223,-1.2009487937983165,0.58145,-1.5519364296284412,Low gap (>85%)
West Bengal,2023,101450.5766341531,0.9436457123080261,107509.17988703526,6058.603252882167,0.251064819771893,0.9998137808630053,0.7605999999999999,1.292017975602732,Low gap (>85%)
Gujarat,2023,139026.9890382304,0.9717411283506845,143069.98539230085,4042.996354070463,0.9201251884931329,0.7649433882265271,0.8273,0.9885046863967479,Low gap (>85%)
Chhattisgarh,2023,36236.282642612794,0.9165084736692106,39537.31327495758,3301.0306323447876,-0.07794837504154813,1.2521226216112964,0.7278000000000001,1.6180662496812288,Low gap (>85%)
Punjab,2023,56909.62000739644,0.9578102025923874,59416.38526439388,2506.765256997438,-0.6406813088535651,-1.2140867561742508,0.6717000000000001,-1.568914074743362,Low gap (>85%)
Odisha,2023,59523.33199080066,0.9607332782643394,61956.146765661644,2432.8147748609845,0.8925402407572482,1.396015585749389,0.8245499999999999,1.8040131727859512,Low gap (>85%)
Karnataka,2023,72959.05074657913,0.9696458948459006,75242.98420112842,2283.9334545492893,0.31125016028654723,-0.1836660386298215,0.7666,-0.23734402141631505,Low gap (>85%)
Tamil Nadu,2023,93907.75724043083,0.98,95824.24208207228,1916.484841641446,0.5499853443280093,-0.6605546892470305,0.7904,-0.8536074904260407,Low gap (>85%)
Andhra Pradesh,2023,86302.97979266827,0.9796808769957189,88092.95130606637,1789.971513398108,0.531428197669324,-0.6106760536939783,0.78855,-0.7891513937342596,Low gap (>85%)
Haryana,2023,79239.76163207286,0.98,80856.89962456415,1617.1379924912908,0.5043447944377293,-0.7105705045631195,0.7858499999999999,-0.9182408588489429,Low gap (>85%)
Telangana,2023,71352.73082701553,0.98,72808.90900715871,1456.178180143179,1.0204340893508899,-0.10595177594750688,0.8373,-0.13691709565460553,Low gap (>85%)
Tripura,2023,3366.3876028568784,0.7881050647756837,4271.495963314288,905.1083604574096,-1.3483606044050416,1.1299512460392387,0.60115,1.4601892366168934,Moderate gap (75-85%)
Uttarakhand,2023,25187.096338757394,0.9658089633573165,26078.75604219157,891.6597034341758,0.08605667786088426,-0.34302101041841515,0.7441500000000001,-0.4432718571727021,Low gap (>85%)
Meghalaya,2023,4720.285820774778,0.861970950119065,5476.154179120259,755.8683583454813,-1.0017933519414917,0.7173391974544052,0.6356999999999999,0.9269877605763079,Low gap (>85%)
Kerala,2023,20911.99060997596,0.98,21338.765928546898,426.7753185709371,0.4602088780603155,-1.6783059260512476,0.7814499999999999,-2.1688052980697194,Low gap (>85%)
Himachal Pradesh,2023,15888.79874722633,0.98,16213.059946149317,324.2611989229863,1.9187002965321025,-0.11446342688479111,0.92685,-0.14791634993927308,Low gap (>85%)
Manipur,2023,2065.268468010355,0.865856465500621,2385.2319065565416,319.9634385461868,-1.373939374123769,-0.018626384059572395,0.5986,-0.024070105339692227,Low gap (>85%)
Jammu and Kashmir,2023,12054.283624953772,0.9751234502551455,12361.802622836847,307.5189978830749,0.5178864960535283,-0.2209992683023904,0.7872000000000001,-0.28558820923159933,Low gap (>85%)
Nagaland,2023,4350.832239275148,0.9571925148654162,4545.409801796127,194.57756252097897,0.0619825416550219,0.08106748110571232,0.74175,0.10476015117035682,Low gap (>85%)
Arunachal Pradesh,2023,2583.8803277551774,0.9366563186413241,2758.6215737093944,174.741245954217,-0.5238214393542788,-0.14627909131816408,0.68335,-0.1890304165189323,Low gap (>85%)
Chandigarh,2023,3884.999462601701,0.98,3964.2851659201033,79.28570331840228,0.33482275198812084,-1.767200505082145,0.76895,-2.283680083994774,Low gap (>85%)
Sikkim,2023,1411.2667864737425,0.9591542597819506,1471.3658122047782,60.09902573103568,-0.42802643903512144,-0.8988643180871528,0.6929,-1.1615651622585734,Low gap (>85%)
Goa,2023,1998.7209284855767,0.9773494379450178,2045.0422856824905,46.32135719691382,0.02687442635480749,-1.2968631731266331,0.7382500000000001,-1.675882612990705,Low gap (>85%)
Mizoram,2023,2251.1426301312868,0.98,2297.0843164604967,45.941686329209915,1.7998342490156625,-0.7725929845186787,0.9150000000000001,-0.9983899431362925,Low gap (>85%)
Dadra & Nagar Haveli and Daman & Diu,2023,844.4653291420118,0.9637328908560783,876.2441721708576,31.778843028845813,0.2430401077032722,0.06174837371083703,0.7597999999999999,0.07979486813011569,Low gap (>85%)
Puducherry,2023,1496.1722679363904,0.98,1526.7063958534598,30.534127917069327,2.4092108217265347,-1.548541463630468,0.97575,-2.001116053081162,Low gap (>85%)
Andaman & Nicobar Islands,2023,676.9491089589496,0.9708501327911561,697.2745700850321,20.325461126082473,0.36090306621113816,-0.1777359613205843,0.7715500000000001,-0.229680827902784,Low gap (>85%)
Ladakh,2023,383.2220379530325,0.9593129070925313,399.4755362090302,16.253498255997727,0.546474532797987,0.8471234065667397,0.7900499999999999,1.0947025233972218,Low gap (>85%)
Lakshadweep,2023,13.768456453402365,0.9777040836844961,14.082437296892204,0.3139808434898388,0.13270031675974056,-1.1386644275810398,0.7488,-1.471448920562219,Low gap (>85%)
